url	status	location	canonical	meta_robots	x_robots	hreflang	content_type
/	200	-	/			0	text/html; charset=utf-8
/collections	200	-	/collections			0	text/html; charset=utf-8
/journal	200	-	/journal			0	text/html; charset=utf-8
/policies/legendary_branding_faqs	200	-	/policies/legendary_branding_faqs			0	text/html; charset=utf-8
/policies/contact	200	-	/policies/contact			0	text/html; charset=utf-8
/policies/refund-policy	200	-	/policies/refund-policy			0	text/html; charset=utf-8
/policies/terms-of-service	200	-	/policies/terms-of-service			0	text/html; charset=utf-8
/policies/privacy-with-legendary-branding	200	-	/policies/privacy-with-legendary-branding			0	text/html; charset=utf-8
/policies/shipping-policy	200	-	/policies/shipping-policy			0	text/html; charset=utf-8
/policies/about	200	-	/policies/about			0	text/html; charset=utf-8
/pages/the-ultimate-streetwear-guide	200	-	/pages/the-ultimate-streetwear-guide			0	text/html; charset=utf-8
/policies/size-guide	200	-	/policies/size-guide			0	text/html; charset=utf-8
/pages/data-sharing-opt-out	200	-	/pages/data-sharing-opt-out			0	text/html; charset=utf-8
/pages/oversized-hoodies-streetwear-the-piece-that-never-loses	200	-	/pages/oversized-hoodies-streetwear-the-piece-that-never-loses			0	text/html; charset=utf-8
/collections/accessories-more	200	-	/collections/accessories-more			0	text/html; charset=utf-8
/collections/hoodies-jackets	200	-	/collections/hoodies-jackets			0	text/html; charset=utf-8
/collections/shirts-tops	200	-	/collections/shirts-tops			0	text/html; charset=utf-8
/collections/all-products	200	-	/collections/all-products			0	text/html; charset=utf-8
/collections/marque-legendaire-luxury-streetwear	200	-	/collections/marque-legendaire-luxury-streetwear			0	text/html; charset=utf-8
/products/legendary-x-champion-r-water-resistant-jacket	200	-	/products/legendary-x-champion-r-water-resistant-jacket			0	text/html; charset=utf-8
/products/legendary-x-champion-r-simple-sweatshirt	200	-	/products/legendary-x-champion-r-simple-sweatshirt			0	text/html; charset=utf-8
/products/legendary-x-adidas-sport-polo-recycled-pique-hydrophilic-finish	200	-	/products/legendary-x-adidas-sport-polo-recycled-pique-hydrophilic-finish			0	text/html; charset=utf-8
/products/legendary-world-round-t-shirt	200	-	/products/legendary-world-round-t-shirt			0	text/html; charset=utf-8
/products/yellow-dot-athletic-long-short	200	-	/products/yellow-dot-athletic-long-short			0	text/html; charset=utf-8
/products/goat-club-syracuse-trucker-hat	200	-	/products/goat-club-syracuse-trucker-hat			0	text/html; charset=utf-8
/products/goat-club-texas-trucker-hat	200	-	/products/goat-club-texas-trucker-hat			0	text/html; charset=utf-8
/products/foam-trucker-hat-with-mesh-panels	200	-	/products/foam-trucker-hat-with-mesh-panels			0	text/html; charset=utf-8
/products/goat-club-california-trucker-hat	200	-	/products/goat-club-california-trucker-hat			0	text/html; charset=utf-8
/products/goat-club-atlanta-trucker-hat	200	-	/products/goat-club-atlanta-trucker-hat			0	text/html; charset=utf-8
/products/goat-club-chicago-trucker-hat	200	-	/products/goat-club-chicago-trucker-hat			0	text/html; charset=utf-8
/products/350gsm-cotton-blend-sweatpants	200	-	/products/350gsm-cotton-blend-sweatpants			0	text/html; charset=utf-8
/products/unisex-oversized-snow-wash-t-shirt285gsm-2	200	-	/products/unisex-oversized-snow-wash-t-shirt285gsm-2			0	text/html; charset=utf-8
/products/the-lb-hat-foam-trucker-hat	200	-	/products/the-lb-hat-foam-trucker-hat			0	text/html; charset=utf-8
/products/goat-sh-t-only-oversized-cropped-t-shirt280gsm	200	-	/products/goat-sh-t-only-oversized-cropped-t-shirt280gsm			0	text/html; charset=utf-8
/products/stay-rich-oversized-t-shirt190-gsm	200	-	/products/stay-rich-oversized-t-shirt190-gsm			0	text/html; charset=utf-8
/products/land-of-the-goated-oversized-t-shirt190-gsm	200	-	/products/land-of-the-goated-oversized-t-shirt190-gsm			0	text/html; charset=utf-8
/products/legendary-coast-club-oversized-t-shirt	200	-	/products/legendary-coast-club-oversized-t-shirt			0	text/html; charset=utf-8
/products/blank-oversized-snow-wash-t-shirt	200	-	/products/blank-oversized-snow-wash-t-shirt			0	text/html; charset=utf-8
/products/blank-washed-gradient-goat-t-shirt	200	-	/products/blank-washed-gradient-goat-t-shirt			0	text/html; charset=utf-8
/products/blank-washed-gradient-t-shirt	200	-	/products/blank-washed-gradient-t-shirt			0	text/html; charset=utf-8
/products/bottom-sunfade-gradient-washed-vintage-goat-t-shirt	200	-	/products/bottom-sunfade-gradient-washed-vintage-goat-t-shirt			0	text/html; charset=utf-8
/products/marque-legendaire-goat-speed-boxy-hoodie	200	-	/products/marque-legendaire-goat-speed-boxy-hoodie			0	text/html; charset=utf-8
/products/the-goat-combed-cotton-regular-fit-t-shirt190gsm	200	-	/products/the-goat-combed-cotton-regular-fit-t-shirt190gsm			0	text/html; charset=utf-8
/products/legendary-wide-leg-sweatpants	200	-	/products/legendary-wide-leg-sweatpants			0	text/html; charset=utf-8
/products/the-goat-premium-polo	200	-	/products/the-goat-premium-polo			0	text/html; charset=utf-8
/products/neverdy-oversized-t-shirt-235gsm	200	-	/products/neverdy-oversized-t-shirt-235gsm			0	text/html; charset=utf-8
/products/heavyweight-oversized-hoodie-460gsm	200	-	/products/heavyweight-oversized-hoodie-460gsm			0	text/html; charset=utf-8
/products/heavyweight-multi-pocket-jean	200	-	/products/heavyweight-multi-pocket-jean			0	text/html; charset=utf-8
/products/legendary-branding-heavyweight-sweatpants-440gsm	200	-	/products/legendary-branding-heavyweight-sweatpants-440gsm			0	text/html; charset=utf-8
/products/legendary-branding-fleece-zip-up	200	-	/products/legendary-branding-fleece-zip-up			0	text/html; charset=utf-8
/products/goat-hoodie-440gsm	200	-	/products/goat-hoodie-440gsm			0	text/html; charset=utf-8
/products/mini-goat-oversized-t-shirt	200	-	/products/mini-goat-oversized-t-shirt			0	text/html; charset=utf-8
/products/marque-legendaire-varsity-jacket	200	-	/products/marque-legendaire-varsity-jacket			0	text/html; charset=utf-8
/products/marque-legendaire-cropped-zip-hoodie	200	-	/products/marque-legendaire-cropped-zip-hoodie			0	text/html; charset=utf-8
/products/legendary-branding-og-permanent-marker-t-shirt-unisex-heavyweight-40s-combed-cotton-oversized-t-shirt-235gsm	200	-	/products/legendary-branding-og-permanent-marker-t-shirt-unisex-heavyweight-40s-combed-cotton-oversized-t-shirt-235gsm			0	text/html; charset=utf-8
/products/marque-legendaire-oversized-crewneck-sweatshirt	200	-	/products/marque-legendaire-oversized-crewneck-sweatshirt			0	text/html; charset=utf-8
/products/marque-legendaire-1-4-zip-panel-sweatshirt	200	-	/products/marque-legendaire-1-4-zip-panel-sweatshirt			0	text/html; charset=utf-8
/products/marque-legendaire-cropped-oversized-zip-up-hoodie-og	200	-	/products/marque-legendaire-cropped-oversized-zip-up-hoodie-og			0	text/html; charset=utf-8
/products/marque-legendaire-heavyweight-fleece-crewneck	200	-	/products/marque-legendaire-heavyweight-fleece-crewneck			0	text/html; charset=utf-8
/products/dawg-pit-bull-oversized-t-shirt	200	-	/products/dawg-pit-bull-oversized-t-shirt			0	text/html; charset=utf-8
/products/the-legendary-heavyweight-oversized-t-shirt	200	-	/products/the-legendary-heavyweight-oversized-t-shirt			0	text/html; charset=utf-8
/products/goated-heavyweight-fleece-crewneck-sweatshirt	200	-	/products/goated-heavyweight-fleece-crewneck-sweatshirt			0	text/html; charset=utf-8
/products/neverdy-eagles-oversized-snow-wash-t-shirt	200	-	/products/neverdy-eagles-oversized-snow-wash-t-shirt			0	text/html; charset=utf-8
/products/urban-framework-boxy-t-shirt	200	-	/products/urban-framework-boxy-t-shirt			0	text/html; charset=utf-8
/products/legendary-01-boxy-t-shirt	200	-	/products/legendary-01-boxy-t-shirt			0	text/html; charset=utf-8
/products/urban-framework-vineyard-boxy-t-shirt	200	-	/products/urban-framework-vineyard-boxy-t-shirt			0	text/html; charset=utf-8
/products/legendary-goat-boxy-t-shirt	200	-	/products/legendary-goat-boxy-t-shirt			0	text/html; charset=utf-8
/products/marque-legendaire-blindfold-snow-wash-t-shirt	200	-	/products/marque-legendaire-blindfold-snow-wash-t-shirt			0	text/html; charset=utf-8
/products/marque-legendaire-shadow-fear-oversized-t-shirt	200	-	/products/marque-legendaire-shadow-fear-oversized-t-shirt			0	text/html; charset=utf-8
/products/marque-legendaire-three-quarter-sweatpants	200	-	/products/marque-legendaire-three-quarter-sweatpants			0	text/html; charset=utf-8
/products/marque-legendaire-redman-boxy-tee	200	-	/products/marque-legendaire-redman-boxy-tee			0	text/html; charset=utf-8
/products/goat-essential-non-shrink-mock-neck-sweatshirt	200	-	/products/goat-essential-non-shrink-mock-neck-sweatshirt			0	text/html; charset=utf-8
/products/marque-legendaire-french-terry-boxy-tank-top	200	-	/products/marque-legendaire-french-terry-boxy-tank-top			0	text/html; charset=utf-8
/products/marque-legendaire-frayed-fleece-hoodie	200	-	/products/marque-legendaire-frayed-fleece-hoodie			0	text/html; charset=utf-8
/products/marque-legendaire-knitted-oversize-sweatshirt	200	-	/products/marque-legendaire-knitted-oversize-sweatshirt			0	text/html; charset=utf-8
/products/marque-legendaire-contrast-striped-lapel-collar-sweatshirt	200	-	/products/marque-legendaire-contrast-striped-lapel-collar-sweatshirt			0	text/html; charset=utf-8
/products/marque-legendaire-raglan-polo-shirt	200	-	/products/marque-legendaire-raglan-polo-shirt			0	text/html; charset=utf-8
/products/goated-legendary-loose-fit-t-shirt-190gsm	200	-	/products/goated-legendary-loose-fit-t-shirt-190gsm			0	text/html; charset=utf-8
/products/marque-legendaire-color-block-essential-polo-shirt-240gsm	200	-	/products/marque-legendaire-color-block-essential-polo-shirt-240gsm			0	text/html; charset=utf-8
/products/marque-legendaire-snow-wash-oversized-t-shirt-250gsm	200	-	/products/marque-legendaire-snow-wash-oversized-t-shirt-250gsm			0	text/html; charset=utf-8
/products/marque-legendaire-color-block-raglan-sleeve-track-jacket-380gsm	200	-	/products/marque-legendaire-color-block-raglan-sleeve-track-jacket-380gsm			0	text/html; charset=utf-8
/products/marque-legendaire-essential-heavyweight-sweat-cardigan-450gsm	200	-	/products/marque-legendaire-essential-heavyweight-sweat-cardigan-450gsm			0	text/html; charset=utf-8
/products/marque-legendaire-vintage-wash-full-zip-denim-jacket-320gsm	200	-	/products/marque-legendaire-vintage-wash-full-zip-denim-jacket-320gsm			0	text/html; charset=utf-8
/products/marque-lgendaire-drip-graphic-oversized-t-shirt-300gsm	200	-	/products/marque-lgendaire-drip-graphic-oversized-t-shirt-300gsm			0	text/html; charset=utf-8
/products/legendary-discipline-boxy-t-shirt-400gsm	200	-	/products/legendary-discipline-boxy-t-shirt-400gsm			0	text/html; charset=utf-8
/journal/how-to-style-a-heavyweight-hoodie-for-every-season	200	-	/journal/how-to-style-a-heavyweight-hoodie-for-every-season			0	text/html; charset=utf-8
/journal/5-outfit-ideas-built-around-premium-streetwear-basics	200	-	/journal/5-outfit-ideas-built-around-premium-streetwear-basics			0	text/html; charset=utf-8
/journal/streetwear-winter-layering-stay-warm-without-losing-style	200	-	/journal/streetwear-winter-layering-stay-warm-without-losing-style			0	text/html; charset=utf-8
/journal/how-to-style-oversized-joggers-for-a-clean-streetwear-look	200	-	/journal/how-to-style-oversized-joggers-for-a-clean-streetwear-look			0	text/html; charset=utf-8
/journal/the-ultimate-guide-to-streetwear-color-palettes	200	-	/journal/the-ultimate-guide-to-streetwear-color-palettes			0	text/html; charset=utf-8
/journal/how-to-dress-up-streetwear-for-a-night-out	200	-	/journal/how-to-dress-up-streetwear-for-a-night-out			0	text/html; charset=utf-8
/journal/streetwear-capsule-wardrobe-15-essential-pieces-you-need-16	200	-	/journal/streetwear-capsule-wardrobe-15-essential-pieces-you-need-16			0	text/html; charset=utf-8
/journal/how-to-wear-a-heavyweight-crewneck-5-looks-to-try	200	-	/journal/how-to-wear-a-heavyweight-crewneck-5-looks-to-try			0	text/html; charset=utf-8
/journal/monochrome-streetwear-build-a-tonal-outfit-head-to-toe	200	-	/journal/monochrome-streetwear-build-a-tonal-outfit-head-to-toe			0	text/html; charset=utf-8
/journal/smart-casual-streetwear-how-to-dress-for-work	200	-	/journal/smart-casual-streetwear-how-to-dress-for-work			0	text/html; charset=utf-8
/journal/best-streetwear-outfits-for-fall-2025-complete-guide	200	-	/journal/best-streetwear-outfits-for-fall-2025-complete-guide			0	text/html; charset=utf-8
/journal/high-low-streetwear-the-art-of-mixing-luxury-and-budget	200	-	/journal/high-low-streetwear-the-art-of-mixing-luxury-and-budget			0	text/html; charset=utf-8
/journal/streetwear-outfit-formulas-that-never-go-out-of-style	200	-	/journal/streetwear-outfit-formulas-that-never-go-out-of-style			0	text/html; charset=utf-8
/journal/streetwear-fit-guide-oversized-vs-regular-fit-decoded	200	-	/journal/streetwear-fit-guide-oversized-vs-regular-fit-decoded			0	text/html; charset=utf-8
/journal/summer-streetwear-staying-fresh-when-it-heats-up	200	-	/journal/summer-streetwear-staying-fresh-when-it-heats-up			0	text/html; charset=utf-8
/journal/what-makes-a-460gsm-hoodie-worth-every-penny	200	-	/journal/what-makes-a-460gsm-hoodie-worth-every-penny			0	text/html; charset=utf-8
/journal/280gsm-vs-460gsm-fleece-the-complete-hoodie-weight-guide	200	-	/journal/280gsm-vs-460gsm-fleece-the-complete-hoodie-weight-guide			0	text/html; charset=utf-8
/journal/why-fabric-weight-matters-in-streetwear-gsm-guide	200	-	/journal/why-fabric-weight-matters-in-streetwear-gsm-guide			0	text/html; charset=utf-8
/journal/how-premium-streetwear-is-made-cotton-to-finished-garment	200	-	/journal/how-premium-streetwear-is-made-cotton-to-finished-garment			0	text/html; charset=utf-8
/journal/how-to-wash-heavyweight-hoodie-complete-fleece-care-guide	200	-	/journal/how-to-wash-heavyweight-hoodie-complete-fleece-care-guide			0	text/html; charset=utf-8
/journal/drop-shoulder-vs-regular-fit-hoodies-your-guide	200	-	/journal/drop-shoulder-vs-regular-fit-hoodies-your-guide			0	text/html; charset=utf-8
/journal/best-premium-hoodie-guide-what-to-look-for-in-2026	200	-	/journal/best-premium-hoodie-guide-what-to-look-for-in-2026			0	text/html; charset=utf-8
/journal/the-anatomy-of-a-quality-streetwear-piece	200	-	/journal/the-anatomy-of-a-quality-streetwear-piece			0	text/html; charset=utf-8
/journal/why-heavyweight-cotton-dominates-streetwear-in-2025	200	-	/journal/why-heavyweight-cotton-dominates-streetwear-in-2025			0	text/html; charset=utf-8
/journal/preshrunk-vs-unshrunk-cotton-streetwear-fit-guide	200	-	/journal/preshrunk-vs-unshrunk-cotton-streetwear-fit-guide			0	text/html; charset=utf-8
/journal/history-of-streetwear-from-skate-culture-to-luxury	200	-	/journal/history-of-streetwear-from-skate-culture-to-luxury			0	text/html; charset=utf-8
/journal/how-hip-hop-shaped-streetwear-as-we-know-it	200	-	/journal/how-hip-hop-shaped-streetwear-as-we-know-it			0	text/html; charset=utf-8
/journal/the-rise-of-independent-streetwear-brands-in-the-2020s	200	-	/journal/the-rise-of-independent-streetwear-brands-in-the-2020s			0	text/html; charset=utf-8
/journal/streetwear-vs-athleisure-where-the-lines-blur	200	-	/journal/streetwear-vs-athleisure-where-the-lines-blur			0	text/html; charset=utf-8
/journal/how-social-media-changed-streetwear-forever	200	-	/journal/how-social-media-changed-streetwear-forever			0	text/html; charset=utf-8
/journal/quality-over-hype-streetwear-the-movement-that-matters	200	-	/journal/quality-over-hype-streetwear-the-movement-that-matters			0	text/html; charset=utf-8
/journal/streetwear-history-2010s-the-most-iconic-moments	200	-	/journal/streetwear-history-2010s-the-most-iconic-moments			0	text/html; charset=utf-8
/journal/how-streetwear-went-mainstream-without-losing-its-soul	200	-	/journal/how-streetwear-went-mainstream-without-losing-its-soul			0	text/html; charset=utf-8
/journal/limited-drop-streetwear-why-exclusivity-rules-culture	200	-	/journal/limited-drop-streetwear-why-exclusivity-rules-culture			0	text/html; charset=utf-8
/journal/why-authenticity-is-everything-in-streetwear-culture	200	-	/journal/why-authenticity-is-everything-in-streetwear-culture			0	text/html; charset=utf-8
/journal/best-heavyweight-hoodies-for-men-in-2025-premium-picks	200	-	/journal/best-heavyweight-hoodies-for-men-in-2025-premium-picks			0	text/html; charset=utf-8
/journal/best-heavyweight-hoodies-for-women-in-2025	200	-	/journal/best-heavyweight-hoodies-for-women-in-2025			0	text/html; charset=utf-8
/journal/buy-premium-streetwear-online-without-the-markup	200	-	/journal/buy-premium-streetwear-online-without-the-markup			0	text/html; charset=utf-8
/journal/top-10-streetwear-brands-for-quality-you-can-trust	200	-	/journal/top-10-streetwear-brands-for-quality-you-can-trust			0	text/html; charset=utf-8
/journal/best-oversized-hoodies-for-streetwear-outfits-2025	200	-	/journal/best-oversized-hoodies-for-streetwear-outfits-2025			0	text/html; charset=utf-8
/journal/how-to-find-your-perfect-streetwear-aesthetic	200	-	/journal/how-to-find-your-perfect-streetwear-aesthetic			0	text/html; charset=utf-8
/journal/streetwear-gift-guide-what-to-buy-for-hype-heads	200	-	/journal/streetwear-gift-guide-what-to-buy-for-hype-heads			0	text/html; charset=utf-8
/journal/why-black-hoodies-are-a-streetwear-staple-worth-investing-in	200	-	/journal/why-black-hoodies-are-a-streetwear-staple-worth-investing-in			0	text/html; charset=utf-8
/journal/best-neutral-streetwear-pieces-for-a-versatile-wardrobe	200	-	/journal/best-neutral-streetwear-pieces-for-a-versatile-wardrobe			0	text/html; charset=utf-8
/journal/streetwear-on-a-budget-build-a-premium-wardrobe	200	-	/journal/streetwear-on-a-budget-build-a-premium-wardrobe			0	text/html; charset=utf-8
/journal/how-to-tell-if-a-streetwear-brand-actually-cares-about-quality	200	-	/journal/how-to-tell-if-a-streetwear-brand-actually-cares-about-quality			0	text/html; charset=utf-8
/journal/build-a-minimalist-streetwear-wardrobe-with-just-5-pieces	200	-	/journal/build-a-minimalist-streetwear-wardrobe-with-just-5-pieces			0	text/html; charset=utf-8
/journal/heavyweight-joggers-the-underrated-streetwear-staple	200	-	/journal/heavyweight-joggers-the-underrated-streetwear-staple			0	text/html; charset=utf-8
/journal/why-chicago-the-midwest-are-the-new-streetwear-capitals	200	-	/journal/why-chicago-the-midwest-are-the-new-streetwear-capitals			0	text/html; charset=utf-8
/journal/streetwear-for-every-body-type-a-practical-style-guide	200	-	/journal/streetwear-for-every-body-type-a-practical-style-guide			0	text/html; charset=utf-8
/journal/why-people-love-streetwear-the-psychology-explained	200	-	/journal/why-people-love-streetwear-the-psychology-explained			0	text/html; charset=utf-8
/journal/how-to-build-streetwear-brand-loyalty-a-real-ones-guide	200	-	/journal/how-to-build-streetwear-brand-loyalty-a-real-ones-guide			0	text/html; charset=utf-8
/journal/what-is-gsm-in-clothing-the-complete-fabric-weight-guide	200	-	/journal/what-is-gsm-in-clothing-the-complete-fabric-weight-guide			0	text/html; charset=utf-8
/journal/what-makes-streetwear-premium-a-buyers-quality-guide	200	-	/journal/what-makes-streetwear-premium-a-buyers-quality-guide			0	text/html; charset=utf-8
/journal/how-long-does-a-hoodie-last-the-truth-about-quality	200	-	/journal/how-long-does-a-hoodie-last-the-truth-about-quality			0	text/html; charset=utf-8
/journal/crewneck-vs-hoodie-the-ultimate-streetwear-breakdown	200	-	/journal/crewneck-vs-hoodie-the-ultimate-streetwear-breakdown			0	text/html; charset=utf-8
/journal/why-heavyweight-hoodies-shrink-less-than-regular-hoodies	200	-	/journal/why-heavyweight-hoodies-shrink-less-than-regular-hoodies			0	text/html; charset=utf-8
/journal/best-fabrics-for-streetwear-in-cold-weather-2026-guide	200	-	/journal/best-fabrics-for-streetwear-in-cold-weather-2026-guide			0	text/html; charset=utf-8
/journal/how-to-know-if-a-streetwear-brand-is-legit	200	-	/journal/how-to-know-if-a-streetwear-brand-is-legit			0	text/html; charset=utf-8
/journal/what-is-drop-shoulder-the-streetwear-silhouette-guide	200	-	/journal/what-is-drop-shoulder-the-streetwear-silhouette-guide			0	text/html; charset=utf-8
/journal/how-to-wash-a-heavyweight-hoodie-without-ruining-it	200	-	/journal/how-to-wash-a-heavyweight-hoodie-without-ruining-it			0	text/html; charset=utf-8
/journal/why-is-streetwear-so-expensive-the-real-answer	200	-	/journal/why-is-streetwear-so-expensive-the-real-answer			0	text/html; charset=utf-8
/journal/what-does-400gsm-mean-on-a-hoodie-tag-fabric-weight-guide	200	-	/journal/what-does-400gsm-mean-on-a-hoodie-tag-fabric-weight-guide			0	text/html; charset=utf-8
/journal/how-to-style-an-oversized-hoodie-like-a-pro	200	-	/journal/how-to-style-an-oversized-hoodie-like-a-pro			0	text/html; charset=utf-8
/journal/best-streetwear-colors-your-complete-color-guide	200	-	/journal/best-streetwear-colors-your-complete-color-guide			0	text/html; charset=utf-8
/journal/how-often-should-you-buy-new-streetwear-pieces	200	-	/journal/how-often-should-you-buy-new-streetwear-pieces			0	text/html; charset=utf-8
/journal/french-terry-vs-fleece-hoodie-the-complete-guide	200	-	/journal/french-terry-vs-fleece-hoodie-the-complete-guide			0	text/html; charset=utf-8
/journal/why-chicago-is-a-hub-for-authentic-streetwear-culture	200	-	/journal/why-chicago-is-a-hub-for-authentic-streetwear-culture			0	text/html; charset=utf-8
/journal/build-a-streetwear-wardrobe-on-a-500-budget	200	-	/journal/build-a-streetwear-wardrobe-on-a-500-budget			0	text/html; charset=utf-8
/journal/what-is-generative-engine-optimization-for-fashion-brands	200	-	/journal/what-is-generative-engine-optimization-for-fashion-brands			0	text/html; charset=utf-8
/journal/how-independent-streetwear-brands-compete-with-nike	200	-	/journal/how-independent-streetwear-brands-compete-with-nike			0	text/html; charset=utf-8
/journal/what-to-look-for-in-a-streetwear-brands-about-page	200	-	/journal/what-to-look-for-in-a-streetwear-brands-about-page			0	text/html; charset=utf-8
/journal/streetwear-vs-techwear-what-actually-sets-them-apart	200	-	/journal/streetwear-vs-techwear-what-actually-sets-them-apart			0	text/html; charset=utf-8
/journal/made-in-usa-streetwear-why-brands-are-coming-home	200	-	/journal/made-in-usa-streetwear-why-brands-are-coming-home			0	text/html; charset=utf-8
/journal/how-chicagos-architecture-shaped-modern-streetwear-silhouettes	200	-	/journal/how-chicagos-architecture-shaped-modern-streetwear-silhouettes			0	text/html; charset=utf-8
/journal/how-to-break-in-a-new-hoodie-without-ruining-it	200	-	/journal/how-to-break-in-a-new-hoodie-without-ruining-it			0	text/html; charset=utf-8
/journal/why-gsm-hoodie-weight-matters-more-than-brand-names	200	-	/journal/why-gsm-hoodie-weight-matters-more-than-brand-names			0	text/html; charset=utf-8
/journal/why-heavyweight-cotton-holds-dye-better-than-blends	200	-	/journal/why-heavyweight-cotton-holds-dye-better-than-blends			0	text/html; charset=utf-8
/journal/why-gsm-fabric-weight-matters-more-than-brand-hype	200	-	/journal/why-gsm-fabric-weight-matters-more-than-brand-hype			0	text/html; charset=utf-8
/journal/mastering-your-streetwear-color-palette-a-legendary-guide	200	-	/journal/mastering-your-streetwear-color-palette-a-legendary-guide			0	text/html; charset=utf-8
/journal/streetwear-sizing-guide-japanese-american-european-fits	200	-	/journal/streetwear-sizing-guide-japanese-american-european-fits			0	text/html; charset=utf-8
/journal/how-to-spot-quality-streetwear-fabric-construction-guide	200	-	/journal/how-to-spot-quality-streetwear-fabric-construction-guide			0	text/html; charset=utf-8
/journal/why-chicago-weather-demands-better-fabric	200	-	/journal/why-chicago-weather-demands-better-fabric			0	text/html; charset=utf-8
/journal/why-streetwear-brands-are-obsessed-with-heavyweight-cotton	200	-	/journal/why-streetwear-brands-are-obsessed-with-heavyweight-cotton			0	text/html; charset=utf-8
/journal/durable-streetwear-hoodies-why-quality-outlasts-trends	200	-	/journal/durable-streetwear-hoodies-why-quality-outlasts-trends			0	text/html; charset=utf-8
/journal/why-your-hoodie-shrinks-how-to-stop-it-forever	200	-	/journal/why-your-hoodie-shrinks-how-to-stop-it-forever			0	text/html; charset=utf-8
/journal/why-heavyweight-hoodies-hit-different-in-chicago-winters	200	-	/journal/why-heavyweight-hoodies-hit-different-in-chicago-winters			0	text/html; charset=utf-8
/journal/build-your-ultimate-streetwear-capsule-wardrobe	200	-	/journal/build-your-ultimate-streetwear-capsule-wardrobe			0	text/html; charset=utf-8
/journal/how-to-read-a-garment-tag-like-a-streetwear-pro	200	-	/journal/how-to-read-a-garment-tag-like-a-streetwear-pro			0	text/html; charset=utf-8
/journal/mastering-the-heavyweight-crewneck-your-streetwear-style-guide	200	-	/journal/mastering-the-heavyweight-crewneck-your-streetwear-style-guide			0	text/html; charset=utf-8
/journal/master-the-heavyweight-crewneck-5-essential-streetwear-looks	200	-	/journal/master-the-heavyweight-crewneck-5-essential-streetwear-looks			0	text/html; charset=utf-8
/journal/hoodie-care-label-guide-read-labels-like-a-fabric-expert	200	-	/journal/hoodie-care-label-guide-read-labels-like-a-fabric-expert			0	text/html; charset=utf-8
/journal/mastering-monochrome-streetwear-a-head-to-toe-style-guide	200	-	/journal/mastering-monochrome-streetwear-a-head-to-toe-style-guide			0	text/html; charset=utf-8
/journal/why-gsm-matters-your-guide-to-streetwear-fabric-weight	200	-	/journal/why-gsm-matters-your-guide-to-streetwear-fabric-weight			0	text/html; charset=utf-8
/journal/breaking-in-your-heavyweight-the-first-30-days-matter	200	-	/journal/breaking-in-your-heavyweight-the-first-30-days-matter			0	text/html; charset=utf-8
/journal/streetwear-fall-outfits-2025-legendary-styles-for-autumn	200	-	/journal/streetwear-fall-outfits-2025-legendary-styles-for-autumn			0	text/html; charset=utf-8
/journal/how-chicago-winters-shaped-heavyweight-streetwear-standards	200	-	/journal/how-chicago-winters-shaped-heavyweight-streetwear-standards			0	text/html; charset=utf-8
/journal/why-your-hoodie-feels-different-after-10-washes	200	-	/journal/why-your-hoodie-feels-different-after-10-washes			0	text/html; charset=utf-8
/journal/premium-streetwear-value-why-quality-costs-less-per-wear	200	-	/journal/premium-streetwear-value-why-quality-costs-less-per-wear			0	text/html; charset=utf-8
/journal/summer-streetwear-stay-fresh-when-it-heats-up	200	-	/journal/summer-streetwear-stay-fresh-when-it-heats-up			0	text/html; charset=utf-8
/journal/summer-streetwear-stay-fresh-when-it-heats-up-1	200	-	/journal/summer-streetwear-stay-fresh-when-it-heats-up-1			0	text/html; charset=utf-8
/journal/gsm-weight-streetwear-why-fabric-beats-brand-names	200	-	/journal/gsm-weight-streetwear-why-fabric-beats-brand-names			0	text/html; charset=utf-8
/journal/what-makes-a-460gsm-hoodie-worth-every-penny-1	200	-	/journal/what-makes-a-460gsm-hoodie-worth-every-penny-1			0	text/html; charset=utf-8
/journal/280gsm-vs-460gsm-the-ultimate-hoodie-fabric-weight-guide	200	-	/journal/280gsm-vs-460gsm-the-ultimate-hoodie-fabric-weight-guide			0	text/html; charset=utf-8
/journal/gsm-hoodie-weight-why-fabric-matters-more-than-brand-hype	200	-	/journal/gsm-hoodie-weight-why-fabric-matters-more-than-brand-hype			0	text/html; charset=utf-8
/journal/why-your-favorite-streetwear-piece-fits-different-after-a-year	200	-	/journal/why-your-favorite-streetwear-piece-fits-different-after-a-year			0	text/html; charset=utf-8
/journal/how-to-read-a-garment-tag-like-a-streetwear-insider	200	-	/journal/how-to-read-a-garment-tag-like-a-streetwear-insider			0	text/html; charset=utf-8
